{"colors":{"112,112,112,1.00":{"color":{"mode":"RGB","value":{"r":112,"g":112,"b":112}},"usedIn":["9e525e8f-ae97-429e-95c0-4397bb5c7549","49f0606a-5f3e-4500-b3b4-85129e14d6bc","a0671b85-4619-47ef-bda3-8d001601b548","67381b73-9d8d-480f-a663-7d729e6de4e3","3a758ab2-878a-45b6-8d98-7a72abaa9268","4acf4977-9382-4f3f-9764-8c3346b0e12a","3454c763-7b4e-4f2b-bcc5-782865ed4676","38e7afcb-7f3c-421e-89c6-3e496a799cf2"],"skip":false,"isFromAsset":false},"129,160,229,1.00":{"color":{"mode":"RGB","value":{"r":129,"g":160,"b":229}},"usedIn":["9e525e8f-ae97-429e-95c0-4397bb5c7549","49f0606a-5f3e-4500-b3b4-85129e14d6bc","a0671b85-4619-47ef-bda3-8d001601b548","67381b73-9d8d-480f-a663-7d729e6de4e3","3a758ab2-878a-45b6-8d98-7a72abaa9268","4acf4977-9382-4f3f-9764-8c3346b0e12a","3454c763-7b4e-4f2b-bcc5-782865ed4676","38e7afcb-7f3c-421e-89c6-3e496a799cf2"],"skip":false,"isFromAsset":false},"255,255,255,1.00":{"color":{"mode":"RGB","value":{"r":255,"g":255,"b":255}},"usedIn":["9e525e8f-ae97-429e-95c0-4397bb5c7549","49f0606a-5f3e-4500-b3b4-85129e14d6bc","a0671b85-4619-47ef-bda3-8d001601b548","67381b73-9d8d-480f-a663-7d729e6de4e3","3a758ab2-878a-45b6-8d98-7a72abaa9268","4acf4977-9382-4f3f-9764-8c3346b0e12a","3454c763-7b4e-4f2b-bcc5-782865ed4676","38e7afcb-7f3c-421e-89c6-3e496a799cf2"],"skip":false,"isFromAsset":false},"112,112,112,0.17":{"color":{"mode":"RGB","value":{"r":112,"g":112,"b":112},"alpha":0.16862745098039217},"usedIn":["9e525e8f-ae97-429e-95c0-4397bb5c7549","3454c763-7b4e-4f2b-bcc5-782865ed4676"],"skip":false,"isFromAsset":false},"0,0,0,1.00":{"color":{"mode":"RGB","value":{"r":0,"g":0,"b":0},"alpha":0},"usedIn":["9e525e8f-ae97-429e-95c0-4397bb5c7549","a0671b85-4619-47ef-bda3-8d001601b548","67381b73-9d8d-480f-a663-7d729e6de4e3","3454c763-7b4e-4f2b-bcc5-782865ed4676"],"skip":false,"isFromAsset":false},"180,198,239,1.00":{"color":{"mode":"RGB","value":{"r":180,"g":198,"b":239}},"usedIn":["9e525e8f-ae97-429e-95c0-4397bb5c7549","67381b73-9d8d-480f-a663-7d729e6de4e3","3a758ab2-878a-45b6-8d98-7a72abaa9268","3454c763-7b4e-4f2b-bcc5-782865ed4676","38e7afcb-7f3c-421e-89c6-3e496a799cf2"],"skip":false,"isFromAsset":false},"0,0,0,0.36":{"color":{"mode":"RGB","value":{"r":0,"g":0,"b":0},"alpha":0.3607843137254902},"usedIn":["67381b73-9d8d-480f-a663-7d729e6de4e3","3a758ab2-878a-45b6-8d98-7a72abaa9268","3454c763-7b4e-4f2b-bcc5-782865ed4676","38e7afcb-7f3c-421e-89c6-3e496a799cf2"],"skip":false,"isFromAsset":false}},"fonts":{"Source Sans Pro":{"localizedFamilyName":"Source Sans Pro","SourceSansPro-Bold,Bold":{"30":{"usedIn":["9e525e8f-ae97-429e-95c0-4397bb5c7549","3454c763-7b4e-4f2b-bcc5-782865ed4676"],"skip":false},"40":{"usedIn":["a0671b85-4619-47ef-bda3-8d001601b548","67381b73-9d8d-480f-a663-7d729e6de4e3"],"skip":false},"50":{"usedIn":["9e525e8f-ae97-429e-95c0-4397bb5c7549","67381b73-9d8d-480f-a663-7d729e6de4e3","3a758ab2-878a-45b6-8d98-7a72abaa9268","3454c763-7b4e-4f2b-bcc5-782865ed4676","38e7afcb-7f3c-421e-89c6-3e496a799cf2"],"skip":false},"60":{"usedIn":["9e525e8f-ae97-429e-95c0-4397bb5c7549","49f0606a-5f3e-4500-b3b4-85129e14d6bc","a0671b85-4619-47ef-bda3-8d001601b548","67381b73-9d8d-480f-a663-7d729e6de4e3","3a758ab2-878a-45b6-8d98-7a72abaa9268","4acf4977-9382-4f3f-9764-8c3346b0e12a","3454c763-7b4e-4f2b-bcc5-782865ed4676","38e7afcb-7f3c-421e-89c6-3e496a799cf2"],"skip":false}},"SourceSansPro-Regular,Regular":{"30":{"usedIn":["a0671b85-4619-47ef-bda3-8d001601b548","67381b73-9d8d-480f-a663-7d729e6de4e3"],"skip":false},"50":{"usedIn":["49f0606a-5f3e-4500-b3b4-85129e14d6bc","3a758ab2-878a-45b6-8d98-7a72abaa9268"],"skip":false}}},"Helvetica Neue":{"localizedFamilyName":"Helvetica Neue","HelveticaNeue,Regular":{"30":{"usedIn":["a0671b85-4619-47ef-bda3-8d001601b548","67381b73-9d8d-480f-a663-7d729e6de4e3"],"skip":false}}}},"gradients":{},"exportedAssets":{},"characterStyles":{"propName":"charStyle","Source Sans Pro":{"localizedFamilyName":"Source Sans Pro","postscriptName":"SourceSansPro-Bold","propName":"fontFamily","Bold":{"30":{"propName":"fontSize","112,112,112,1.00":{"0":{"50":{"propName":"lineSpacing","usedIn":["9e525e8f-ae97-429e-95c0-4397bb5c7549","3454c763-7b4e-4f2b-bcc5-782865ed4676"],"isFromAsset":false,"skip":false},"propName":"charSpacing"},"mode":"RGB","value":{"r":112,"g":112,"b":112},"propName":"fontColor"}},"40":{"propName":"fontSize","112,112,112,1.00":{"0":{"38":{"propName":"lineSpacing","usedIn":["a0671b85-4619-47ef-bda3-8d001601b548","67381b73-9d8d-480f-a663-7d729e6de4e3"],"isFromAsset":false,"skip":false},"40":{"propName":"lineSpacing","usedIn":["a0671b85-4619-47ef-bda3-8d001601b548","67381b73-9d8d-480f-a663-7d729e6de4e3"],"isFromAsset":false,"skip":false},"propName":"charSpacing"},"mode":"RGB","value":{"r":112,"g":112,"b":112},"propName":"fontColor"}},"50":{"propName":"fontSize","112,112,112,1.00":{"0":{"40":{"propName":"lineSpacing","usedIn":["67381b73-9d8d-480f-a663-7d729e6de4e3","3a758ab2-878a-45b6-8d98-7a72abaa9268","3454c763-7b4e-4f2b-bcc5-782865ed4676","38e7afcb-7f3c-421e-89c6-3e496a799cf2"],"isFromAsset":false,"skip":false},"50":{"propName":"lineSpacing","usedIn":["9e525e8f-ae97-429e-95c0-4397bb5c7549","3454c763-7b4e-4f2b-bcc5-782865ed4676"],"isFromAsset":false,"skip":false},"propName":"charSpacing"},"mode":"RGB","value":{"r":112,"g":112,"b":112},"propName":"fontColor"}},"60":{"propName":"fontSize","112,112,112,1.00":{"0":{"75":{"propName":"lineSpacing","usedIn":["9e525e8f-ae97-429e-95c0-4397bb5c7549","49f0606a-5f3e-4500-b3b4-85129e14d6bc","a0671b85-4619-47ef-bda3-8d001601b548","67381b73-9d8d-480f-a663-7d729e6de4e3","3a758ab2-878a-45b6-8d98-7a72abaa9268","4acf4977-9382-4f3f-9764-8c3346b0e12a","3454c763-7b4e-4f2b-bcc5-782865ed4676","38e7afcb-7f3c-421e-89c6-3e496a799cf2"],"isFromAsset":false,"skip":false},"propName":"charSpacing"},"mode":"RGB","value":{"r":112,"g":112,"b":112},"propName":"fontColor"}},"propName":"fontStyle"},"Regular":{"30":{"propName":"fontSize","112,112,112,1.00":{"0":{"38":{"propName":"lineSpacing","usedIn":["a0671b85-4619-47ef-bda3-8d001601b548","67381b73-9d8d-480f-a663-7d729e6de4e3"],"isFromAsset":false,"skip":false},"40":{"propName":"lineSpacing","usedIn":["a0671b85-4619-47ef-bda3-8d001601b548","67381b73-9d8d-480f-a663-7d729e6de4e3"],"isFromAsset":false,"skip":false},"propName":"charSpacing"},"mode":"RGB","value":{"r":112,"g":112,"b":112},"propName":"fontColor"}},"50":{"propName":"fontSize","112,112,112,1.00":{"0":{"50":{"propName":"lineSpacing","usedIn":["49f0606a-5f3e-4500-b3b4-85129e14d6bc","3a758ab2-878a-45b6-8d98-7a72abaa9268"],"isFromAsset":false,"skip":false},"propName":"charSpacing"},"mode":"RGB","value":{"r":112,"g":112,"b":112},"propName":"fontColor"}},"propName":"fontStyle"}},"Helvetica Neue":{"localizedFamilyName":"Helvetica Neue","postscriptName":"HelveticaNeue","propName":"fontFamily","Regular":{"30":{"propName":"fontSize","112,112,112,1.00":{"0":{"38":{"propName":"lineSpacing","usedIn":["a0671b85-4619-47ef-bda3-8d001601b548","67381b73-9d8d-480f-a663-7d729e6de4e3"],"isFromAsset":false,"skip":false},"propName":"charSpacing"},"mode":"RGB","value":{"r":112,"g":112,"b":112},"propName":"fontColor"}},"propName":"fontStyle"}}},"symbols":{},"uxdesign#version":"0.9"}